Season Number,Startup Name,Episode Number,Pitch Number,Season Start,Season End,Original Air Date,Episode Title,Anchor,Industry,Business Description,Company Website,Started in,Number of Presenters,Male Presenters,Female Presenters,Pitchers Average Age,Pitchers City,Pitchers State,Yearly Revenue,Monthly Sales,Gross Margin,Net Margin,Cash Burn,SKUs,Has Patents,Bootstrapped,Original Ask Amount,Original Offered Equity,Valuation Requested,Received Offer,Accepted Offer,Total Deal Amount,Total Deal Equity,Total Deal Debt,Debt Interest,Deal Valuation,Number of Sharks in Deal,Deal Has Conditions,Namita Investment Amount,Namita Investment Equity,Namita Debt Amount,Vineeta Investment Amount,Vineeta Investment Equity,Vineeta Debt Amount,Anupam Investment Amount,Anupam Investment Equity,Anupam Debt Amount,Aman Investment Amount,Aman Investment Equity,Aman Debt Amount,Peyush Investment Amount,Peyush Investment Equity,Peyush Debt Amount,Amit Investment Amount,Amit Investment Equity,Amit Debt Amount,Guest Investment Amount,Guest Investment Equity,Guest Debt Amount,Invested Guest Name,All Guest Names,Namita Present,Vineeta Present,Anupam Present,Aman Present,Peyush Present,Ritesh Present,Amit Present,Guest Present
2,HouseOfChikankari,8,175,02-Jan-23,10-Mar-23,11-Jan-23,Investment with Intent,Rahul Dua,Beauty/Fashion,HANDMADE BY ARTISANS OF LUCKNOW,https://www.houseofchikankari.in/,2020.0,2,,2.0,Middle,Delhi,Delhi,,,,,,,,,75.0,1.0,7500.0,1,1,75.0,3.75,,,2000.0,2,,,,,,,,,,,37.5,1.875,,37.5,1.875,,,,,,,,,,1.0,1.0,1.0,1.0,1.0,,,
2,Paradyes,9,177,02-Jan-23,10-Mar-23,12-Jan-23,Invest In Lifestyle,Rahul Dua,Beauty/Fashion,Semi Permanent Hair Color,https://www.birdsofparadyes.com/,2020.0,2,1.0,1.0,Young,Ahmedabad,Gujarat,350.0,,,,,,,,65.0,1.0,6500.0,1,1,65.0,2.0,,,3250.0,2,,,,,32.5,1.0,,,,,32.5,1.0,,,,,,,,,,,,,1.0,1.0,1.0,1.0,1.0,,,
2,Nestroots,9,178,02-Jan-23,10-Mar-23,12-Jan-23,Invest In Lifestyle,Rahul Dua,Lifestyle/Home,"House of design, aesthetics and elegance",https://www.nestroots.com/,,1,,1.0,Middle,Delhi,Delhi,,,,,,,,,50.0,1.0,5000.0,1,1,50.0,2.0,,,2500.0,1,,50.0,2.0,,,,,,,,,,,,,,,,,,,,,,1.0,1.0,1.0,1.0,1.0,,,
2,Primebook,11,183,02-Jan-23,10-Mar-23,16-Jan-23,Investing The Right Way,Rahul Dua,Technology/Software,Android Apps on Windows laptops,https://www.primebook.in/,,4,4.0,,Middle,Delhi,Delhi,,,,,,,,,75.0,1.5,5000.0,1,1,75.0,3.0,,,2500.0,2,,,,,,,,,,,37.5,1.5,,37.5,1.5,,,,,,,,,,1.0,1.0,1.0,1.0,1.0,,,
2,Janitri,12,186,02-Jan-23,10-Mar-23,17-Jan-23,Pitchers Ki Undying Spirit,Rahul Dua,Medical/Health,Pregnancy Monitoring systems,https://www.janitri.in/,2021.0,1,1.0,,Middle,Alwar,Rajasthan,,,,,,,,,100.0,2.5,4000.0,1,1,100.0,2.5,,,4000.0,1,,100.0,2.5,,,,,,,,,,,,,,,,,,,,,,1.0,,1.0,1.0,1.0,,1.0,
2,Sepal,16,198,02-Jan-23,10-Mar-23,23-Jan-23,Pitchers Ki Taiyyari,Rahul Dua,Manufacturing,Bike Accessories,https://sepal.in/,,2,2.0,,Middle,Hyderabad,Telangana,,,37.0,,,,,,50.0,1.0,5000.0,1,1,50.0,2.0,,,2500.0,1,,,,,,,,,,,,,,50.0,2.0,,,,,,,,,,1.0,,1.0,1.0,1.0,,1.0,
2,Solinas,16,199,02-Jan-23,10-Mar-23,23-Jan-23,Pitchers Ki Taiyyari,Rahul Dua,Business Services,"Products organise the management of pipelines,manholes and septic tanks",https://solinas.in/,2020.0,4,3.0,1.0,Middle,Chennai,Tamil Nadu,120.0,,,,,,,,90.0,2.0,4500.0,1,1,90.0,3.0,,,3000.0,2,,,,,,,,45.0,1.5,,,,,45.0,1.5,,,,,,,,,,1.0,,1.0,1.0,1.0,,1.0,
2,NeoMotion,18,204,02-Jan-23,10-Mar-23,25-Jan-23,Business Ideas With Potential,Rahul Dua,Manufacturing,Wheelchairs,https://www.neomotion.in/,2020.0,3,3.0,,Middle,Chennai,Tamil Nadu,470.0,,,,,,,,100.0,1.0,10000.0,1,1,100.0,1.0,,,10000.0,1,,,,,,,,,,,,,,100.0,1.0,,,,,,,,,,1.0,,1.0,1.0,1.0,,1.0,
2,Bullspree,19,209,02-Jan-23,10-Mar-23,26-Jan-23,Building Brands For India,Rahul Dua,Technology/Software,App to learn stock market basics,https://bullspree.com/,2020.0,3,3.0,,Middle,Ahmedabad,Gujarat,,,,,yes,,,,75.0,1.5,5000.0,1,1,75.0,2.86,,,2622.377622,2,,,,,,,,,,,37.5,1.43,,37.5,1.43,,,,,,,,,,1.0,1.0,1.0,1.0,1.0,,,
2,Snitch,20,210,02-Jan-23,10-Mar-23,27-Jan-23,Nurturing Indian Entrepreneurs,Rahul Dua,Beauty/Fashion,Menswear,https://www.snitch.co.in/,2020.0,1,1.0,,Middle,Bangalore,Karnataka,,,,,,,,,150.0,0.5,30000.0,1,1,150.0,1.5,,,10000.0,5,,30.0,0.3,,30.0,0.3,,30.0,0.3,,30.0,0.3,,30.0,0.3,,,,,,,,,,1.0,1.0,1.0,1.0,1.0,,,
2,Portl,20,211,02-Jan-23,10-Mar-23,27-Jan-23,Nurturing Indian Entrepreneurs,Rahul Dua,Business Services,Portl studio gym,https://portl.co/,2021.0,3,3.0,,Middle,Hyderabad,Telangana,,,45.0,,,,,,150.0,1.0,15000.0,1,1,150.0,2.5,,,6000.0,3,,50.0,0.833,,,,,,,,50.0,0.833,,50.0,0.833,,,,,,,,,,1.0,1.0,1.0,1.0,1.0,,,
2,Broomees,22,217,02-Jan-23,10-Mar-23,31-Jan-23,Making Big Businesses,Rahul Dua,Business Services,Helpers homemakers for your home,https://broomees.com/,2020.0,3,2.0,1.0,Middle,Delhi,Delhi,,,,,,,,,80.0,2.0,4000.0,1,1,100.0,3.0,,,3333.333333,3,,33.33,1.0,,,,,,,,33.33,1.0,,33.33,1.0,,,,,,,,,,1.0,1.0,1.0,1.0,1.0,,,
2,PadCare,23,220,02-Jan-23,10-Mar-23,01-Feb-23,Changing The World,Rahul Dua,Manufacturing,Menstrual hygiene disposal solution,https://www.padcarelabs.com/,2018.0,1,1.0,,Young,Pune,Maharashtra,,14.0,,,yes,,,,50.0,2.0,2500.0,1,1,100.0,4.0,,,2500.0,4,,25.0,1.0,,25.0,1.0,,25.0,1.0,,,,,25.0,1.0,,,,,,,,,,1.0,1.0,1.0,1.0,1.0,,,
2,UnStop,26,231,02-Jan-23,10-Mar-23,06-Feb-23,Bharat Badal Raha Hai,Rahul Dua,Technology/Software,Connecting talent colleges recruiters,https://unstop.com/,2022.0,1,1.0,,Middle,Delhi,Delhi,1600.0,,90.0,,,,,,100.0,1.0,10000.0,1,1,200.0,4.0,,,5000.0,4,,50.0,1.0,,,,,50.0,1.0,,50.0,1.0,,,,,50.0,1.0,,,,,,,1.0,1.0,1.0,1.0,,,1.0,
2,Zoff,28,237,02-Jan-23,10-Mar-23,08-Feb-23,Game Changers,Rahul Dua,Food and Beverage,Cool Grind Technology Indian Spices,https://zofffoods.com/,2018.0,2,2.0,,Middle,Raipur,Chhattisgarh,,700.0,,,,,,,100.0,0.5,20000.0,1,1,100.0,1.25,,,8000.0,1,,,,,,,,,,,100.0,1.25,,,,,,,,,,,,,1.0,1.0,1.0,1.0,,,1.0,
2,MindPeers,29,241,02-Jan-23,10-Mar-23,09-Feb-23,Pulse Of The Country,Rahul Dua,Medical/Health,For Mental Strength,https://www.mindpeers.co/,2020.0,2,1.0,1.0,Middle,Delhi,Delhi,,,,,,,,,53.0,1.0,5300.0,1,1,106.0,2.0,,,5300.0,4,,17.66,0.33,,17.66,0.33,,,,,17.66,0.33,,53.0,1.0,,,,,,,,,,1.0,1.0,1.0,1.0,1.0,,,
2,Daryaganj,30,243,02-Jan-23,10-Mar-23,10-Feb-23,Changing India,Rahul Dua,Food and Beverage,North Indian Cuisine restaurant,https://daryaganj.com/,2019.0,3,3.0,,Middle,Delhi,Delhi,,300.0,,,,,,,90.0,0.5,18000.0,1,1,90.0,1.0,,,9000.0,1,yes,,,,,,,,,,90.0,1.0,,,,,,,,,,,,,1.0,1.0,1.0,1.0,1.0,,,
2,Freakins,33,255,02-Jan-23,10-Mar-23,15-Feb-23,Growing With India,Rahul Dua,Beauty/Fashion,Fashionable Denim Apparel,https://freakins.com/,2021.0,2,2.0,,Middle,Mumbai,Maharashtra,,,63.0,,yes,,,,70.0,1.0,7000.0,1,1,50.0,2.5,20.0,12.0,2000.0,1,yes,,,,50.0,2.5,20.0,,,,,,,,,,,,,,,,,,1.0,1.0,1.0,1.0,1.0,,,
2,Perfora,34,256,02-Jan-23,10-Mar-23,16-Feb-23,Growing Ideas Into Successful Businesses,Rahul Dua,Lifestyle/Home,Toothpaste Electric Toothbrush,https://perforacare.com/,2021.0,2,2.0,,Young,"Ballarpur,Karnal","Haryana,Maharashtra",,,57.0,,yes,,,,80.0,1.0,8000.0,1,1,80.0,2.5,,,3200.0,3,,26.66,0.833,,26.66,0.833,,,,,,,,26.66,0.833,,,,,,,,,,1.0,1.0,1.0,1.0,1.0,,,
2,MeduLance,35,259,02-Jan-23,10-Mar-23,17-Feb-23,Business Ideas Ka Pitara,Rahul Dua,Medical/Health,One-stop solution for all healthcare needs,https://medulance.com/,2017.0,2,2.0,,Middle,Delhi,Delhi,240.0,,,24.0,,,,,200.0,1.0,20000.0,1,1,200.0,2.0,,,10000.0,3,,66.66,0.666,,,,,,,,66.66,0.666,,66.66,0.666,,,,,,,,,,1.0,,1.0,1.0,1.0,,1.0,
2,Hornback,37,267,02-Jan-23,10-Mar-23,21-Feb-23,Bharat Ka Kal,Rahul Dua,Vehicles/Electrical Vehicles,Diamond frame folding bicycles,https://hornback.bike/,2022.0,2,2.0,,Middle,Hyderabad,Telangana,,,,,,,yes,,50.0,1.0,5000.0,1,1,50.0,2.5,,,2000.0,1,yes,,,,,,,,,,,,,,,,50.0,2.5,,,,,,,1.0,,1.0,1.0,1.0,,1.0,
2,nawgati,38,272,02-Jan-23,10-Mar-23,22-Feb-23,Innovation And Imagination,Rahul Dua,Business Services,Congestion Management for Fuel Stations,https://www.nawgati.com/,2019.0,3,3.0,,Young,Noida,Uttar Pradesh,,,,,,,,,67.0,2.0,3350.0,1,1,67.0,3.0,,,2233.333333,2,,,,,,,,,,,33.5,1.5,,,,,33.5,1.5,,,,,,,1.0,,1.0,1.0,1.0,,1.0,
2,Pharmallama,39,275,02-Jan-23,10-Mar-23,23-Feb-23,Revolutionary Ideas And Successful Businesses,Rahul Dua,Medical/Health,Simplified pharmacy,https://pharmallama.com/,2022.0,3,3.0,,Middle,Bangalore,Karnataka,,24.0,,,,,,,100.0,1.5,6666.666667,1,1,200.0,5.0,,,4000.0,5,,40.0,1.0,,,,,40.0,1.0,,40.0,1.0,,40.0,1.0,,40.0,1.0,,,,,,,1.0,,1.0,1.0,1.0,,1.0,
2,Hood,40,278,02-Jan-23,10-Mar-23,24-Feb-23,Creating Valuable Businesses,Rahul Dua,Technology/Software,Pseudonymous social network,https://www.hood.live/,2022.0,3,3.0,,Middle,Gurgaon,Haryana,0.0,,,,,,,,120.0,0.2,60000.0,1,1,60.0,0.54,60.0,12.0,11111.11111,2,,,,,,,,,,,30.0,0.27,30.0,30.0,0.27,30.0,,,,,,,,,1.0,,1.0,1.0,1.0,,1.0,
2,GROWiT,40,280,02-Jan-23,10-Mar-23,24-Feb-23,Creating Valuable Businesses,Rahul Dua,Agriculture,Protective farming products,https://thegrowit.com/,2020.0,2,2.0,,Middle,Surat,Gujarat,,,22.0,,yes,,,,100.0,1.0,10000.0,1,1,50.0,1.0,50.0,10.0,5000.0,2,,25.0,0.5,25.0,,,,,,,,,,25.0,0.5,25.0,,,,,,,,,1.0,,1.0,1.0,1.0,,1.0,
2,Trunome,41,282,02-Jan-23,10-Mar-23,27-Feb-23,Out Of The Box Business Ideas,Rahul Dua,Medical/Health,Post Transplant Care,https://acrannolife.com/,,2,2.0,,Middle,Chennai,Tamil Nadu,,,,,,,yes,,150.0,1.0,15000.0,1,1,150.0,2.0,,,7500.0,4,,,,,37.5,0.5,,37.5,0.5,,37.5,0.5,,37.5,0.5,,,,,,,,,,1.0,1.0,1.0,1.0,1.0,,,
2,Wol3D,41,283,02-Jan-23,10-Mar-23,27-Feb-23,Out Of The Box Business Ideas,Rahul Dua,Manufacturing,3D printing technology,https://worldoflilliputs.com/,2016.0,4,2.0,2.0,Middle,Mumbai,Maharashtra,,,30.0,,,,,,150.0,1.0,15000.0,1,1,80.0,2.0,70.0,,4000.0,1,,,,,,,,,,,80.0,2.0,70.0,,,,,,,,,,,,1.0,1.0,1.0,1.0,1.0,,,
2,Subhag,45,298,02-Jan-23,10-Mar-23,03-Mar-23,True Meaning Of Entrepreneurship,Rahul Dua,Medical/Health,Health-tech IUI Treatment Procedure for Infertility,https://subhag.in/,2018.0,3,3.0,,Middle,"Jhumri Telaiya,Raipur","Jharkhand,Chhattisgarh",,0.0,,,,,yes,,50.0,1.0,5000.0,1,1,20.0,1.0,30.0,10.0,2000.0,1,,20.0,1.0,30.0,,,,,,,,,,,,,,,,,,,,,1.0,1.0,1.0,1.0,1.0,,,
2,ThePlatedProject,46,301,02-Jan-23,10-Mar-23,06-Mar-23,Different Colours Of Entrepreneurship,Rahul Dua,Business Services,Decor Plates & Dinnerware,https://www.theplatedproject.com/,2019.0,1,1.0,,Middle,Mumbai,Maharashtra,,,,,,,,,75.0,2.0,3750.0,1,1,75.0,3.75,,,2000.0,3,,25.0,1.25,,25.0,1.25,,,,,25.0,1.25,,,,,,,,,,,,,1.0,1.0,1.0,1.0,1.0,,,
2,Rubans,48,307,02-Jan-23,10-Mar-23,08-Mar-23,"Pitchers, Investments And Businesses",Rahul Dua,Beauty/Fashion,Artificial Jewellery Set Online,https://www.rubans.in/,2014.0,2,1.0,1.0,Middle,Bangalore,Karnataka,5100.0,,,,,,,,150.0,0.5,30000.0,1,1,100.0,1.0,50.0,12.0,10000.0,3,,33.33,0.333,16.66,33.33,0.333,16.66,,,,33.33,0.333,16.66,,,,,,,,,,,,1.0,1.0,1.0,1.0,1.0,,1.0,
2,LilGoodness,48,310,02-Jan-23,10-Mar-23,08-Mar-23,"Pitchers, Investments And Businesses",Rahul Dua,Food and Beverage,Healthy Snacks,https://lilgoodness.com/,2020.0,2,2.0,,Middle,Bangalore,Karnataka,,145.0,65.0,,yes,,,,100.0,1.0,10000.0,1,1,50.0,1.0,50.0,10.0,5000.0,1,,,,,,,,,,,,,,50.0,1.0,50.0,,,,,,,,,1.0,1.0,1.0,1.0,1.0,,1.0,
2,NishHair,50,315,02-Jan-23,10-Mar-23,10-Mar-23,Season Finale With The Sharks,Rahul Dua,Beauty/Fashion,100% Human Hair Extensions,https://nishhair.com/,2017.0,1,,1.0,Middle,Mumbai,Maharashtra,670.0,80.0,,30.0,,,,,100.0,2.0,5000.0,1,1,100.0,2.0,,,5000.0,1,,,,,,,,,,,,,,,,,100.0,2.0,,,,,,,1.0,1.0,1.0,1.0,1.0,,1.0,
2,TAC,51,318,02-Jan-23,10-Mar-23,10-Mar-23,Gateway To Shark Tank India,Rahul Dua,Beauty/Fashion,"ayurveda co for glowing skin, makeup & open pores",https://theayurvedaco.com/,2013.0,2,1.0,1.0,Middle,Mumbai,Maharashtra,,,,,yes,,,,150.0,0.5,30000.0,1,1,81.0,1.0,69.0,12.0,8100.0,2,,,,,,,,,,,40.5,0.5,34.5,,,,,,,40.5,0.5,34.5,Vikas D Nahar,Vikas D Nahar,1.0,1.0,,1.0,,,1.0,1.0
3,HonestHome,1,322,22-Jan-24,31-Mar-24,22-Jan-24,Bigger Better and Smarter,Rahul Dua,Green/CleanTech,Eco friendly products,https://honesthome.in/,2019.0,1,1.0,,Middle,Dhampur,Uttar Pradesh,1400.0,142.0,,5.0,,,,,100.0,2.0,5000.0,1,1,100.0,3.0,,,3333.333333,1,,,,,,,,,,,,,,,,,100.0,3.0,,,,,,,1.0,1.0,1.0,1.0,,,1.0,
3,AdilQadri,1,323,22-Jan-24,31-Mar-24,22-Jan-24,Bigger Better and Smarter,Rahul Dua,Beauty/Fashion,Perfumes and Attar,https://www.adilqadri.com/,2020.0,1,1.0,,Young,Bilimora,Gujarat,2070.0,600.0,70.0,,yes,,,,100.0,0.5,20000.0,1,1,100.0,1.0,,,10000.0,1,,,,,100.0,1.0,,,,,,,,,,,,,,,,,,,1.0,1.0,1.0,1.0,,,1.0,
3,Intervue,2,327,22-Jan-24,31-Mar-24,23-Jan-24,An Entrepreneurial Showcase,Rahul Dua,Technology/Software,Conducts technical interviews online,https://www.intervue.io/,2020.0,2,2.0,,Young,"Ludhiana,Ghaziabad","Punjab,Uttar Pradesh",870.0,,,,,,,,150.0,1.0,15000.0,1,1,150.0,2.0,,,7500.0,1,,,,,,,,,,,150.0,2.0,,,,,,,,,,,,Deepinder Goyal,1.0,1.0,1.0,1.0,,,,1.0
3,Blix,3,329,22-Jan-24,31-Mar-24,24-Jan-24,Quest For Investment,Rahul Dua,Technology/Software,Robotics toys,https://blix.in/,2021.0,1,1.0,,Middle,Mumbai,Maharashtra,400.0,36.0,50.0,,,,,,80.0,2.0,4000.0,1,1,80.0,4.0,,,2000.0,2,,,,,,,,,,,40.0,2.0,,,,,,,,,,,,,,1.0,1.0,1.0,1.0,1.0,,
3,TURMS,4,331,22-Jan-24,31-Mar-24,25-Jan-24,Smart Solutions For A Smarter India,Rahul Dua,Beauty/Fashion,Intelligent Clothing,https://urturms.com/,2022.0,1,1.0,,Old,Bangalore,Karnataka,70.0,86.0,,,,,,,120.0,2.0,6000.0,1,1,120.0,4.0,,,3000.0,1,,,,,,,,,,,,,,,,,,,,120.0,4.0,,Azhar Iqubal,Azhar Iqubal,,1.0,1.0,1.0,1.0,,,1.0
3,mintree,4,332,22-Jan-24,31-Mar-24,25-Jan-24,Smart Solutions For A Smarter India,Rahul Dua,Beauty/Fashion,Skincare products,https://mintree.us/,2018.0,1,,1.0,Middle,Nagpur,Maharashtra,900.0,,,,,,,,90.0,1.0,9000.0,1,1,90.0,1.5,,,6000.0,2,,,,,,,,,,,,,,45.0,0.75,,,,,45.0,0.75,,Azhar Iqubal,Azhar Iqubal,,1.0,1.0,1.0,1.0,,,1.0
3,DilFoods,5,334,22-Jan-24,31-Mar-24,26-Jan-24,Innovative Ventures Vie For Sharks' Favour,Rahul Dua,Food and Beverage,Virtual restaurant service,https://dilfoods.in/,2022.0,1,,1.0,Middle,Ranchi,Jharkhand,700.0,,,,,,,,50.0,0.5,10000.0,1,1,200.0,2.67,,,7490.636704,4,,,,,50.0,0.667,,,,,,,,50.0,0.667,,,,,50.0,0.6675,,Radhika Gupta,Radhika Gupta,,1.0,,1.0,1.0,1.0,,1.0
3,AIKavach/Panoplia,5,335,22-Jan-24,31-Mar-24,26-Jan-24,Innovative Ventures Vie For Sharks' Favour,Rahul Dua,Technology/Software,Online security app,https://kavach.co.in/,2023.0,1,,1.0,Middle,Hyderabad,Telangana,,,,,,,yes,,50.0,1.25,4000.0,1,1,100.0,2.5,,,4000.0,2,yes,,,,,,,,,,50.0,1.25,,50.0,1.25,,,,,,,,,Radhika Gupta,,1.0,,1.0,1.0,1.0,,1.0
3,WeHear,7,342,22-Jan-24,31-Mar-24,30-Jan-24,Diverse Ventures Compete For Sharks' Attention,Rahul Dua,Medical/Health,Hearing Solutions,https://wehear.in/,2017.0,2,2.0,,Middle,Ahmedabad,Gujarat,282.0,93.0,,,,,yes,,250.0,1.0,25000.0,1,1,250.0,1.0,,,25000.0,1,yes,,,,,,,,,,,,,250.0,1.0,,,,,,,,,,,1.0,1.0,1.0,1.0,1.0,,
3,WYLDCard,8,344,22-Jan-24,31-Mar-24,31-Jan-24,Entrepreneurial Innovation,Rahul Dua,Technology/Software,Customer as Infulencer,https://www.getwyld.in/,2023.0,3,3.0,,Middle,Mumbai,Maharashtra,,,,,yes,,,,50.0,0.5,10000.0,1,1,75.0,1.5,,,5000.0,1,,,,,,,,75.0,1.5,,,,,,,,,,,,,,,Azhar Iqubal,1.0,,1.0,,1.0,,1.0,1.0
3,Arata,10,350,22-Jan-24,31-Mar-24,02-Feb-24,Pitching Innovation,Rahul Dua,Beauty/Fashion,Hair care,https://www.arata.in/,2018.0,2,2.0,,Middle,Delhi,Delhi,170.0,200.0,,5.0,,,,,100.0,1.25,8000.0,1,1,100.0,1.33,,,7518.796992,2,yes,50.0,0.665,,50.0,0.665,,,,,,,,,,,,,,,,,,Deepinder Goyal,1.0,1.0,1.0,1.0,,,,1.0
3,Vecros,10,351,22-Jan-24,31-Mar-24,02-Feb-24,Pitching Innovation,Rahul Dua,Technology/Software,Spatial AI drone,https://vecros.com/,2018.0,2,1.0,1.0,Young,Delhi,Delhi,0.0,9.0,,,,,,,100.0,2.5,4000.0,1,1,20.0,1.0,80.0,10.0,2000.0,1,,,,,,,,,,,20.0,1.0,80.0,,,,,,,,,,,Deepinder Goyal,1.0,1.0,1.0,1.0,,,,1.0
3,HoneyTwigs,12,355,22-Jan-24,31-Mar-24,06-Feb-24,Showcase Of Innovation,Rahul Dua,Food and Beverage,Honey products,https://honeytwigs.co/,2015.0,3,3.0,,Middle,Delhi,Delhi,400.0,35.0,,,,,,,75.0,3.0,2500.0,1,1,75.0,3.0,,,2500.0,3,,,,,,,,25.0,1.0,,,,,25.0,1.0,,,,,,,,,,,1.0,1.0,1.0,1.0,1.0,,
3,Koparo,12,356,22-Jan-24,31-Mar-24,06-Feb-24,Showcase Of Innovation,Rahul Dua,Food and Beverage,Coconut based Cleaning Products,https://koparoclean.com/,2020.0,1,,1.0,Middle,Delhi,Delhi,450.0,80.0,,,,,,,70.0,1.0,7000.0,1,1,70.0,1.0,,,7000.0,2,,,,,35.0,0.5,,,,,35.0,0.5,,,,,,,,,,,,,,1.0,1.0,1.0,1.0,1.0,,
3,JewelBox,13,358,22-Jan-24,31-Mar-24,07-Feb-24,Innovation Unleashed,Rahul Dua,Beauty/Fashion,Lab Grown Diamond Jewellery Brand,https://jewelbox.co.in/,2022.0,2,1.0,1.0,Middle,Kolkata,West Bengal,520.0,,,,,,,,100.0,2.0,5000.0,1,1,200.0,6.0,,,3333.333333,5,,,,,40.0,1.2,,,,,40.0,1.2,,40.0,1.2,,,,,40.0,1.2,,Radhika Gupta,Radhika Gupta,,1.0,,1.0,1.0,1.0,,1.0
3,WALK,14,361,22-Jan-24,31-Mar-24,08-Feb-24,Pitch Perfect,Rahul Dua,Medical/Health,Wearable Mobility Aid,https://www.lifesparktech.com/,2018.0,1,1.0,,Young,Mumbai,Maharashtra,,,,,,,yes,,50.0,1.5,3333.333333,1,1,50.0,2.3,,,2173.913043,2,,,,,,,,25.0,1.15,,25.0,1.15,,,,,,,,,,,,,1.0,1.0,1.0,1.0,,,1.0,
3,DecodeAge,14,363,22-Jan-24,31-Mar-24,08-Feb-24,Pitch Perfect,Rahul Dua,Medical/Health,Age Longetivity Supplements,https://decodeage.com/,2021.0,3,3.0,,Middle,Bangalore,Karnataka,1100.0,,70.0,,yes,10.0,,,100.0,1.25,8000.0,1,1,100.0,2.25,,,4444.444444,1,,,,,,,,100.0,2.25,,,,,,,,,,,,,,,,1.0,1.0,1.0,1.0,,,1.0,
3,NasherMiles,15,366,22-Jan-24,31-Mar-24,09-Feb-24,Shark Tank Showdown,Rahul Dua,Beauty/Fashion,Travel Bags,https://nashermiles.com/,2017.0,3,2.0,1.0,Middle,Mumbai,Maharashtra,5700.0,,,,,,,,300.0,0.75,40000.0,1,1,300.0,1.5,,,20000.0,5,,60.0,0.3,,60.0,0.3,,60.0,0.3,,60.0,0.3,,,,,,,,,,,,,1.0,1.0,1.0,1.0,,1.0,,
3,Without,16,368,22-Jan-24,31-Mar-24,12-Feb-24,Innovation At Every Step,Rahul Dua,Beauty/Fashion,Products made from Waste Plastic,https://without.live,2020.0,1,1.0,,Middle,Pune,Maharashtra,,,,,,,yes,,75.0,1.0,7500.0,1,1,75.0,3.0,,,2500.0,2,,,,,,,,,,,,,,37.5,1.5,,,,,37.5,1.5,,Ronnie Screwvala,"Ronnie Screwvala,Radhika Gupta",,,1.0,1.0,1.0,,,2.0
3,HyperLab,18,373,22-Jan-24,31-Mar-24,14-Feb-24,Building India Through Innovation,Rahul Dua,Fitness/Sports/Outdoors,"Sports analytics for agility, strength, reflexes, and stamina",https://www.hyperlab.life/,2023.0,3,3.0,,Young,Ahmedabad,Gujarat,,,,,,,yes,,10.0,1.0,1000.0,1,1,25.0,1.0,,,2500.0,1,,,,,,,,,,,25.0,1.0,,,,,,,,,,,,,1.0,1.0,1.0,1.0,,,1.0,
3,YesMadam,19,376,22-Jan-24,31-Mar-24,15-Feb-24,The Next Big Investment,Rahul Dua,Beauty/Fashion,Saloon service app,https://www.yesmadam.com/,2016.0,4,3.0,1.0,Middle,Delhi,Delhi,5000.0,,,,,,,,150.0,0.5,30000.0,1,1,150.0,2.0,,,7500.0,4,,,,,37.5,0.5,,,,,37.5,0.5,,37.5,0.5,,,,,,,,,Radhika Gupta,,1.0,,1.0,1.0,1.0,,1.0
3,PushSports,20,379,22-Jan-24,31-Mar-24,16-Feb-24,Pioneering Change,Rahul Dua,Fitness/Sports/Outdoors,Kids & young adults for recreation & professional sport,https://pushsports.in/,2017.0,2,2.0,,Middle,Delhi,Delhi,900.0,50.0,,,,,,,80.0,1.0,8000.0,1,1,80.0,4.0,,,2000.0,2,,,,,40.0,2.0,,,,,,,,40.0,2.0,,,,,,,,,Azhar Iqubal,,1.0,1.0,1.0,1.0,,,1.0
3,ORBO,20,380,22-Jan-24,31-Mar-24,16-Feb-24,Pioneering Change,Rahul Dua,Technology/Software,AI-powered tools for beauty brands,https://www.orbo.ai/,2019.0,3,3.0,,Middle,Mumbai,Maharashtra,,18.0,,,yes,,,,100.0,0.75,13333.33333,1,1,100.0,1.0,,,10000.0,1,yes,,,,100.0,1.0,,,,,,,,,,,,,,,,,,Azhar Iqubal,,1.0,1.0,1.0,1.0,,,1.0
3,D'chica,22,385,22-Jan-24,31-Mar-24,20-Feb-24,Impressive Numbers and High Stakes,Rahul Dua,Beauty/Fashion,Innerwears for Teenage Girls,https://www.dchica.in/,2020.0,2,,2.0,Middle,Delhi,Delhi,1030.0,120.0,,,yes,,,,80.0,1.0,8000.0,1,1,80.0,2.0,,,4000.0,2,,40.0,1.0,,40.0,1.0,,,,,,,,,,,,,,,,,,,1.0,1.0,1.0,1.0,,,1.0,
3,Refit,22,386,22-Jan-24,31-Mar-24,20-Feb-24,Impressive Numbers and High Stakes,Rahul Dua,Electronics,Refurbished Phones,https://refitglobal.com/,2017.0,2,2.0,,Middle,Delhi,Delhi,18700.0,3500.0,14.0,,,,,yes,200.0,0.5,40000.0,1,1,200.0,1.0,,,20000.0,3,,,,,66.66,0.33,,66.66,0.33,,,,,,,,66.66,0.33,,,,,,,1.0,1.0,1.0,1.0,,,1.0,
3,AristaVault,25,394,22-Jan-24,31-Mar-24,23-Feb-24,Battle Of The Innovators,Rahul Dua,Manufacturing,Follow me suitcases,https://www.aristavault.com/,2018.0,2,1.0,1.0,Middle,Delhi,Delhi,360.0,65.0,,,,,,,45.0,1.5,3000.0,1,1,20.0,1.0,25.0,18.0,2000.0,1,yes,,,,,,,20.0,1.0,25.0,,,,,,,,,,,,,,"Varun Dua,Radhika Gupta",,1.0,1.0,1.0,,,,2.0
3,ToHands,25,395,22-Jan-24,31-Mar-24,23-Feb-24,Battle Of The Innovators,Rahul Dua,Technology/Software,App to sync transactions with calculator,https://smart.tohands.in/,2023.0,3,3.0,,Young,"Erode,Kanpur","Tamil Nadu,Uttar Pradesh",,,,,,,,,55.0,1.0,5500.0,1,1,60.0,2.0,,,3000.0,2,,,,,,,,,,,,,,,,,,,,60.0,2.0,,"Varun Dua,Radhika Gupta","Varun Dua,Radhika Gupta",,1.0,1.0,1.0,,,,2.0
3,PlusGold,25,396,22-Jan-24,31-Mar-24,23-Feb-24,Battle Of The Innovators,Rahul Dua,Technology/Software,Jewellery savings app that integrates digital gold investment,https://plusgold.in/,2022.0,2,2.0,,Middle,Bangalore,Karnataka,,,,,,,,,60.0,1.0,6000.0,1,1,60.0,1.5,,,4000.0,1,,,,,,,,,,,,,,,,,,,,60.0,1.5,,Varun Dua,"Varun Dua,Radhika Gupta",,1.0,1.0,1.0,,,,2.0
3,Aroleap,26,397,22-Jan-24,31-Mar-24,26-Feb-24,Entrepreneurship On The Rise,Rahul Dua,Medical/Health,Smart Home Gym,https://www.aroleap.com/,2020.0,3,3.0,,Middle,Bangalore,Karnataka,100.0,,,,yes,,yes,funded,100.0,2.5,4000.0,1,1,100.0,5.0,,,2000.0,4,,,,,,,,25.0,1.25,,,,,25.0,1.25,,25.0,1.25,,25.0,1.25,,Azhar Iqubal,Azhar Iqubal,1.0,,1.0,,1.0,,1.0,1.0
3,Cosmix,26,398,22-Jan-24,31-Mar-24,26-Feb-24,Entrepreneurship On The Rise,Rahul Dua,Medical/Health,Herbal Super Supplements,https://cosmix.in/,2019.0,2,1.0,1.0,Middle,,,750.0,,70.0,,,25.0,,yes,100.0,1.0,10000.0,1,1,100.0,1.0,,,10000.0,1,,100.0,1.0,,,,,,,,,,,,,,,,,,,,,Azhar Iqubal,1.0,,1.0,,1.0,,1.0,1.0
3,UnclePetersPanCakes,27,402,22-Jan-24,31-Mar-24,27-Feb-24,Entrepreneur's Path To Success,Rahul Dua,Food and Beverage,Pancake focused QSR,https://www.unclepeterspancakes.com/,2019.0,2,2.0,,Middle,"Kolkata,Varanasi","West Bengal,Uttar Pradesh",1400.0,210.0,,,,,,yes,60.0,2.0,3000.0,1,1,60.0,3.0,,,2000.0,3,,20.0,1.0,,20.0,1.0,,20.0,1.0,,,,,,,,,,,,,,,,1.0,1.0,1.0,1.0,1.0,,,
3,WiseLife,29,406,22-Jan-24,31-Mar-24,29-Feb-24,Entrepreneurial Aspirations,Rahul Dua,Medical/Health,Yoga and wellness Accessories,https://wiselife.in/,2020.0,2,1.0,1.0,Middle,Gurugram,Haryana,400.0,100.0,,3.0,,,,,60.0,2.0,3000.0,1,1,120.0,4.0,,,3000.0,4,,30.0,1.0,,,,,30.0,1.0,,30.0,1.0,,,,,,,,,,,,,1.0,,1.0,1.0,,1.0,1.0,
3,AvataarSkincare,30,409,22-Jan-24,31-Mar-24,01-Mar-24,Startups Pursuing Investment,Rahul Dua,Beauty/Fashion,Skincare Services,https://avataarskin.com/,2022.0,1,,1.0,Middle,Bhopal,Madhya Pradesh,,60.0,87.0,,yes,,,funded,70.0,1.0,7000.0,1,1,35.0,0.5,35.0,14.0,7000.0,2,,,,,,,,17.5,0.25,17.5,17.5,0.25,17.5,,,,,,,,,,,,1.0,1.0,1.0,1.0,1.0,,,
3,LittleBox,35,424,22-Jan-24,31-Mar-24,08-Mar-24,Inspiring Women Entrepreneurs,Rahul Dua,Beauty/Fashion,Fast fashion D2C,https://littleboxindia.com/,2022.0,2,1.0,1.0,Middle,Guwahati,Assam,3600.0,200.0,50.0,,,,,yes,75.0,1.0,7500.0,1,1,75.0,2.5,,,3000.0,5,,15.0,0.5,,15.0,0.5,,15.0,0.5,,15.0,0.5,,,,,15.0,0.5,,,,,,,1.0,1.0,1.0,1.0,,,1.0,
3,CremeCastle,35,425,22-Jan-24,31-Mar-24,08-Mar-24,Inspiring Women Entrepreneurs,Rahul Dua,Food and Beverage,Customised Cakes and bakery products,https://cremecastle.in/,2015.0,2,1.0,1.0,Middle,Noida,Uttar Pradesh,720.0,,65.0,,yes,,,,60.0,1.5,4000.0,1,1,60.0,2.5,,,2400.0,1,,,,,,,,,,,,,,,,,60.0,2.5,,,,,,,1.0,1.0,1.0,1.0,,,1.0,
3,Sama,37,430,22-Jan-24,31-Mar-24,12-Mar-24,Entrepreneurs Seek Sharks Support,Rahul Dua,Business Services,Online Despite Resolution,https://www.sama.live/,2015.0,3,2.0,1.0,Middle,Delhi,"Delhi,Bihar,Kerala",640.0,100.0,,25.0,,,,funded,100.0,1.0,10000.0,1,1,100.0,1.5,,,6666.666667,3,,33.33,0.5,,,,,,,,33.33,0.5,,,,,,,,,,,,,1.0,,1.0,1.0,,1.0,1.0,
3,AToddlerThing,38,434,22-Jan-24,31-Mar-24,13-Mar-24,Thoughts And Innovations,Rahul Dua,Beauty/Fashion,Baby Clothing and Essentials,https://www.atoddlerthing.com/,2017.0,2,1.0,1.0,Middle,Coimbatore,Tamil Nadu,478.0,73.0,52.0,,yes,28.0,,funded,80.0,2.0,4000.0,1,1,40.0,2.0,40.0,,2000.0,1,,,,,,,,,,,,,,,,,40.0,2.0,40.0,,,,,,1.0,1.0,1.0,1.0,,,1.0,
3,FlexifyMe,38,435,22-Jan-24,31-Mar-24,13-Mar-24,Thoughts And Innovations,Rahul Dua,Medical/Health,Body Pain Management Platform,https://www.flexifyme.com/,2021.0,2,2.0,,Middle,Pune,Maharashtra,,33.0,60.0,,,,,funded,100.0,2.0,5000.0,1,1,50.0,1.32,50.0,10.0,3787.878788,1,,50.0,1.32,50.0,,,,,,,,,,,,,,,,,,,,,1.0,1.0,1.0,1.0,,,1.0,
3,iDreamCareer,39,437,22-Jan-24,31-Mar-24,14-Mar-24,Sustainability Careers And Spirits,Rahul Dua,Technology/Software,Career Counseling Platform,https://idreamcareer.com/,2012.0,2,2.0,,Middle,"Delhi,Bangalore","Delhi,Karnataka",840.0,,,,yes,,,funded,110.0,1.28,8593.75,1,1,60.0,1.0,50.0,8.0,6000.0,2,yes,,,,,,,,,,30.0,0.5,25.0,,,,,,,,,,,,,1.0,1.0,1.0,1.0,1.0,,
3,RockPaperRum,39,438,22-Jan-24,31-Mar-24,14-Mar-24,Sustainability Careers And Spirits,Rahul Dua,Liquor/Alcohol,Innovative Indian Rum,https://www.rockpaperrum.com/,2022.0,1,1.0,,Middle,Mumbai,Maharashtra,,,,,yes,,,funded,50.0,2.0,2500.0,1,1,20.0,1.0,30.0,10.0,2000.0,1,,,,,20.0,1.0,30.0,,,,,,,,,,,,,,,,,,,1.0,1.0,1.0,1.0,1.0,,
3,SpecOps,42,445,22-Jan-24,31-Mar-24,19-Mar-24,From Tactics To Wellness,Rahul Dua,Others,Tactical clothing for Military,https://specops.in/,,1,1.0,,Middle,,,626.0,70.0,20.0,8.0,,,,yes,80.0,2.0,4000.0,1,1,40.0,2.0,40.0,12.0,2000.0,2,,,,,,,,,,,20.0,1.0,20.0,,,,20.0,1.0,20.0,,,,,,1.0,1.0,1.0,1.0,,,1.0,
3,KaabilKids,42,446,22-Jan-24,31-Mar-24,19-Mar-24,From Tactics To Wellness,Rahul Dua,Technology/Software,Online Chess Training Academy,https://kaabilkids.com/,2019.0,3,2.0,1.0,Middle,Noida,Uttar Pradesh,,29.0,,,yes,,,funded,70.0,2.0,3500.0,1,1,50.0,2.5,20.0,12.0,2000.0,2,,25.0,1.25,10.0,,,,,,,25.0,1.25,10.0,,,,,,,,,,,,1.0,1.0,1.0,1.0,,,1.0,
3,Nemocare,43,448,22-Jan-24,31-Mar-24,20-Mar-24,Groundbreaking Ventures,Rahul Dua,Medical/Health,NeoNatel Wearable Vital Monitor,https://nemocare.in/,2016.0,2,1.0,1.0,Middle,"Hyderabad,Bangalore","Telangana,Karnataka",90.0,,66.0,,yes,,yes,,100.0,2.5,4000.0,1,1,20.0,0.67,80.0,10.0,2985.074627,1,,,,,,,,,,,20.0,0.67,80.0,,,,,,,,,,,Radhika Gupta,,1.0,,1.0,1.0,1.0,,1.0
3,CoratiaTechnologies,43,450,22-Jan-24,31-Mar-24,20-Mar-24,Groundbreaking Ventures,Rahul Dua,Technology/Software,Unmanned Underwater Robots,https://coratia.com/,2021.0,2,2.0,,Middle,Rourkela,Odisha,128.0,,,,,,,,80.0,1.0,8000.0,1,1,80.0,1.0,,,8000.0,1,,,,,,,,,,,,,,,,,,,,,,,,Radhika Gupta,,1.0,,1.0,1.0,1.0,,1.0
3,Allter,48,463,22-Jan-24,31-Mar-24,27-Mar-24,Captivating The Sharks,Rahul Dua,Lifestyle/Home,Certified Organic Rash-Free Diapers,https://letsallter.com/,2020.0,1,,1.0,Middle,Delhi,Delhi,1000.0,,,,yes,,,yes,100.0,2.5,4000.0,1,1,100.0,4.0,,,2500.0,3,,,,,,,,33.33,1.33,,33.33,1.33,,,,,,,,,,,,,1.0,,1.0,1.0,,1.0,1.0,
3,NeonAttack,50,469,22-Jan-24,31-Mar-24,29-Mar-24,Entrepreneurs Present Unique Ventures,Rahul Dua,Lifestyle/Home,Premium Quality Neon Signs,https://www.neonattack.com/,2020.0,2,2.0,,Young,Hyderabad,Telangana,1000.0,63.0,,15.0,,,,,75.0,3.0,2500.0,1,1,50.0,2.0,25.0,,2500.0,2,,25.0,1.0,12.5,,,,,,,25.0,1.0,12.5,,,,,,,,,,,,1.0,1.0,1.0,1.0,,,1.0,
3,PTal,50,470,22-Jan-24,31-Mar-24,29-Mar-24,Entrepreneurs Present Unique Ventures,Rahul Dua,Lifestyle/Home,"Copper, Brass, and Bronze Kitchenware",https://ptal.in/,2017.0,3,2.0,1.0,Young,Amritsar,Punjab,398.0,,,,,,,funded,50.0,1.0,5000.0,1,1,100.0,3.2,,,3125.0,5,,20.0,0.64,,20.0,0.64,,20.0,0.64,,20.0,0.64,,,,,20.0,0.64,,,,,,,1.0,1.0,1.0,1.0,,,1.0,
3,Lea,51,473,22-Jan-24,31-Mar-24,30-Mar-24,Brilliant Businesses,Snehil Dixit Mehra,Beauty/Fashion,"With real curves, to celebrate and accentuate the skin",https://www.leaclothingco.com/,2021.0,2,,2.0,Middle,Noida,Uttar Pradesh,300.0,60.0,80.0,,,,,,100.0,2.0,5000.0,1,1,100.0,4.0,,,2500.0,4,,25.0,1.0,,25.0,1.0,,25.0,1.0,,,,,,,,,,,25.0,1.0,,Azhar Iqubal,Azhar Iqubal,1.0,1.0,1.0,1.0,,,,1.0
3,Canvaloop,52,477,22-Jan-24,31-Mar-24,31-Mar-24,Ecopreneur Special,Snehil Dixit Mehra,Green/CleanTech,Sustainable fabrics manufacturer,http://www.canvaloop.com/,2020.0,2,1.0,1.0,Middle,Surat,Gujarat,320.0,120.0,,,,,,funded,100.0,1.33,7518.796992,1,1,200.0,4.0,,,5000.0,5,,40.0,0.8,,,,,40.0,0.8,,40.0,0.8,,,,,,,,80.0,1.6,,"Azhar Iqubal,Radhika Gupta","Azhar Iqubal,Radhika Gupta",1.0,,1.0,1.0,,,,2.0
4,FAEBeauty,1,479,06-Jan-25,18-Mar-25,06-Jan-25,New Brands Same Spirit,Sahiba Bali/Aashish Solanki,Beauty/Fashion,Innovative beauty products,https://www.faebeauty.in/,2019.0,1,0.0,1.0,Middle,Mumbai,Maharashtra,1000.0,,,,,50.0,,funded,100.0,1.0,10000.0,1,1,100.0,1.5,,,6666.666667,2,,50.0,0.75,,,,,,,,50.0,0.75,,,,,,,,,,,,,1.0,1.0,1.0,1.0,1.0,,,
4,CONFECT,1,480,06-Jan-25,18-Mar-25,06-Jan-25,New Brands Same Spirit,Sahiba Bali/Aashish Solanki,Food and Beverage,Delectable premium confectionery,https://www.confect.in/,2018.0,1,0.0,1.0,Middle,Delhi,Delhi,,125.0,,,,800.0,,,100.0,1.0,10000.0,1,1,100.0,2.0,,,5000.0,1,yes,100.0,2.0,,,,,,,,,,,,,,,,,,,,,,1.0,1.0,1.0,1.0,1.0,,,
4,BLFabric,2,482,06-Jan-25,18-Mar-25,07-Jan-25,"Threads, Kicks And Care",Sahiba Bali/Aashish Solanki,Beauty/Fashion,Fabric retail offerings,https://blfabric.com/,2021.0,1,1.0,0.0,Middle,Surat,Gujarat,525.0,240.0,,10.0,,250.0,,,100.0,2.0,5000.0,1,1,100.0,5.0,,,2000.0,2,yes,,,,,,,,,,,,,,,,,,,50.0,2.5,,Kunal Bahl,Kunal Bahl,1.0,1.0,,1.0,,1.0,,1.0
4,CultureCircle,2,483,06-Jan-25,18-Mar-25,07-Jan-25,"Threads, Kicks And Care",Sahiba Bali/Aashish Solanki,Beauty/Fashion,Authentic and affordable sneaker collection,https://www.culture-circle.com/,2023.0,2,2.0,0.0,Young,Gurugram,Haryana,,44.0,,,,,,funded,120.0,0.5,24000.0,1,1,300.0,3.0,,,10000.0,2,,,,,,,,,,,,,,,,,,,,150.0,1.5,,Kunal Bahl,Kunal Bahl,1.0,1.0,,1.0,,1.0,,1.0
4,GoZero,3,486,06-Jan-25,18-Mar-25,08-Jan-25,From Style To Sustainability,Sahiba Bali/Aashish Solanki,Food and Beverage,Indulgent guilt-free ice creams,https://letsgozero.in/,2022.0,1,1.0,0.0,Middle,Mumbai,Maharashtra,,330.0,70.0,,yes,,,funded,100.0,1.0,10000.0,1,1,100.0,1.5,,,6666.666667,1,,,,,,,,,,,100.0,1.5,,,,,,,,,,,,Kunal Bahl,,1.0,1.0,1.0,1.0,,,1.0
4,airth,4,489,06-Jan-25,18-Mar-25,09-Jan-25,Sweet Innovations And Smart Solutions,Sahiba Bali/Aashish Solanki,Lifestyle/Home,Innovative air purifiers for ACs,https://airth.in/,2023.0,2,2.0,0.0,Middle,Delhi,Delhi,600.0,40.0,,,yes,,yes,funded,60.0,1.0,6000.0,1,1,100.0,3.7,,,2702.702703,2,,,,,50.0,1.85,,,,,50.0,1.85,,,,,,,,,,,,Varun Dua,,1.0,1.0,1.0,1.0,,,1.0
4,InnerGize,5,491,06-Jan-25,18-Mar-25,10-Jan-25,Pitching Wellness And Luxury,Sahiba Bali/Aashish Solanki,Medical/Health,Mental wellness wearables,https://getinnergize.com/,2023.0,3,2.0,1.0,Middle,Delhi,Delhi,,,,,,,yes,,54.0,1.5,3600.0,1,1,100.0,4.2,,,2380.952381,3,,,,,,,,,,,33.333,1.4,,,,,,,,33.333,1.4,,Azhar Iqubal,"Kunal Bahl,Azhar Iqubal",,1.0,,1.0,,1.0,,2.0
4,KIWIKisanWindow,5,493,06-Jan-25,18-Mar-25,10-Jan-25,Pitching Wellness And Luxury,Sahiba Bali/Aashish Solanki,Lifestyle/Home,Organic grocery solutions,https://kiwikisanwindow.com/,2017.0,2,1.0,1.0,Middle,Dehradun,Uttarakhand,506.0,,,,,250.0,,funded,50.0,1.0,5000.0,1,1,250.0,10.0,,,2500.0,1,,,,,,,,,,,,,,,,,,,,250.0,10.0,,Kunal Bahl,"Kunal Bahl,Azhar Iqubal",,1.0,,1.0,,1.0,,2.0
4,TripoleGear,6,494,06-Jan-25,18-Mar-25,13-Jan-25,"Tech, Travel And Cheesecake",Sahiba Bali,Fitness/Sports/Outdoors,Trekking gear essentials backpacks,https://tripole.in/,2017.0,1,1.0,0.0,Middle,Delhi,Delhi,1420.0,160.0,47.0,,,250.0,,yes,100.0,1.0,10000.0,1,1,75.0,1.15,25.0,9.0,6521.73913,1,,,,,,,,,,,,,,,,,,,,,,,,Kunal Bahl,1.0,,1.0,1.0,,1.0,,1.0
4,Neosapien,6,495,06-Jan-25,18-Mar-25,13-Jan-25,"Tech, Travel And Cheesecake",Sahiba Bali,Technology/Software,AI-powered superhuman personal assistant,https://neosapien.xyz/,2024.0,2,2.0,0.0,Young,"Gwalior,Indore",Madhya Pradesh,,,,,,,,,80.0,2.5,3200.0,1,1,80.0,4.0,,,2000.0,1,,80.0,4.0,,,,,,,,,,,,,,,,,,,,,Kunal Bahl,1.0,,1.0,1.0,,1.0,,1.0
4,SpeedKitchen,7,497,06-Jan-25,18-Mar-25,14-Jan-25,From Culinary To Creativity,Sahiba Bali/Aashish Solanki,Food and Beverage,Ready-to-move kitchens,https://speedkitchen.in/,2021.0,2,2.0,0.0,Middle,Delhi,Delhi,550.0,,,2.0,,,,yes,200.0,3.0,6666.666667,1,1,200.0,6.0,,,3333.333333,3,,,,,,,,,,,,,,,,,,,,133.33,4.0,,"Kunal Bahl,Azhar Iqubal","Kunal Bahl,Azhar Iqubal",,1.0,,1.0,,1.0,,2.0
4,NurturingGreen,9,503,06-Jan-25,18-Mar-25,16-Jan-25,Green Ventures Face Off,Sahiba Bali/Aashish Solanki,Lifestyle/Home,Online plant nursery,https://nurturinggreen.in/,2010.0,1,1.0,0.0,Middle,Lucknow,Uttar Pradesh,2800.0,400.0,,,,,,,100.0,1.0,10000.0,1,1,50.0,1.25,50.0,10.0,4000.0,1,,,,,50.0,1.25,50.0,,,,,,,,,,,,,,,,,Kunal Bahl,1.0,1.0,1.0,,1.0,,,1.0
4,Aquapeya,11,508,06-Jan-25,18-Mar-25,20-Jan-25,Smart Solutions And Creative Ideas,Aashish Solanki,Lifestyle/Home,Natural mineral water,https://www.aquapeya.com/,2018.0,2,2.0,0.0,Middle,Sangli,Maharashtra,1200.0,,,,,,,,70.0,2.0,3500.0,1,1,70.0,3.0,,,2333.333333,2,,35.0,1.5,,,,,,,,,,,,,,,,,,,,,,1.0,,1.0,1.0,1.0,1.0,,
4,Jarsh,11,509,06-Jan-25,18-Mar-25,20-Jan-25,Smart Solutions And Creative Ideas,Aashish Solanki,Manufacturing,Innovative safety wearables,https://jarshsafety.com/,2016.0,3,3.0,0.0,Middle,Hyderabad,Telangana,,50.0,,,,,yes,funded,50.0,1.0,5000.0,1,1,50.0,1.5,,,3333.333333,1,,,,,,,,,,,50.0,1.5,,,,,,,,,,,,,1.0,,1.0,1.0,1.0,1.0,,
4,Shyle,12,511,06-Jan-25,18-Mar-25,21-Jan-25,Heritage Meets Modernity,Sahiba Bali,Beauty/Fashion,Handcrafted jewellery silver,https://www.shyle.in/,2017.0,2,1.0,1.0,Middle,Jaipur,Rajasthan,1500.0,120.0,,,,,,yes,70.0,1.0,7000.0,1,1,70.0,1.5,,,4666.666667,2,,35.0,0.75,,,,,,,,,,,,,,,,,,,,,Kunal Bahl,1.0,1.0,1.0,,,1.0,,1.0
4,SavaniHeritage,12,512,06-Jan-25,18-Mar-25,21-Jan-25,Heritage Meets Modernity,Sahiba Bali,Business Services,Innovative restoration techniques,https://www.savaniheritage.com/,1995.0,3,3.0,0.0,Middle,Mumbai,Maharashtra,12400.0,,,9.0,,,,,300.0,1.0,30000.0,1,1,100.0,0.8,200.0,10.0,12500.0,1,,,,,,,,,,,,,,,,,,,,,,,,Kunal Bahl,1.0,1.0,1.0,,,1.0,,1.0
4,Seven,14,517,06-Jan-25,18-Mar-25,23-Jan-25,Tech Meets Creativity And Care,Aashish Solanki,Technology/Software,Innovative payment wearables developed,https://seven.ooo/,2018.0,3,3.0,0.0,Middle,Mumbai,Maharashtra,61.0,,,,,,yes,funded,75.0,1.0,7500.0,1,1,75.0,1.5,,,5000.0,3,,,,,25.0,0.5,,,,,,,,25.0,0.5,,,,,25.0,0.5,,Varun Dua,Varun Dua,,1.0,1.0,1.0,1.0,,,1.0
4,PatchUp,15,522,06-Jan-25,18-Mar-25,24-Jan-25,The Age Of Portable Lighting And Vitamin Patches,Sahiba Bali/Aashish Solanki,Medical/Health,Patches that provide vitamins through skin absorption,https://patchuphealth.com/,2024.0,1,0.0,1.0,Middle,Delhi,Delhi,,,90.0,,,,,,50.0,1.75,2857.142857,1,1,50.0,2.27,,,2202.643172,1,,,,,,,,50.0,2.27,,,,,,,,,,,,,,,,1.0,,1.0,1.0,1.0,1.0,,
4,tikitoro,16,523,06-Jan-25,18-Mar-25,27-Jan-25,"Big Ideas, Bigger Stakes",Sahiba Bali,Beauty/Fashion,Personal care products for kids and teens,https://tikitoro.com/,2021.0,1,0.0,1.0,Middle,Chennai,Tamil Nadu,850.0,,68.0,,yes,,,yes,25.0,0.5,5000.0,1,1,25.0,1.0,,,2500.0,1,yes,25.0,1.0,,,,,,,,,,,,,,,,,,,,,Kunal Bahl,1.0,1.0,1.0,,1.0,,,1.0
4,RBDMachineTools,17,526,06-Jan-25,18-Mar-25,28-Jan-25,Reaping Success And Painting The Future,Sahiba Bali/Aashish Solanki,Agriculture,India's first power reaper with a seat,https://www.rbdmachine.com/,2020.0,2,2.0,0.0,Middle,Jaipur,Rajasthan,1437.0,267.0,,8.0,,,,,100.0,1.0,10000.0,1,1,50.0,1.0,50.0,9.0,5000.0,2,,25.0,0.5,25.0,,,,,,,,,,,,,,,,,,,,Kunal Bahl,1.0,,1.0,1.0,,1.0,,1.0
4,Metashot,18,530,06-Jan-25,18-Mar-25,29-Jan-25,From Health To Flavours,Sahiba Bali/Aashish Solanki,Fitness/Sports/Outdoors,Console-like cricket game,https://metashot.in/,2023.0,3,3.0,0.0,Middle,Bangalore,Karnataka,819.0,,,,,,yes,funded,80.0,1.5,5333.333333,1,1,160.0,5.0,,,3200.0,2,,,,,80.0,2.5,,80.0,2.5,,,,,,,,,,,,,,,Kunal Bahl,,1.0,1.0,1.0,1.0,,,1.0
4,GabruDiChaap,18,531,06-Jan-25,18-Mar-25,29-Jan-25,From Health To Flavours,Sahiba Bali/Aashish Solanki,Food and Beverage,Flavourful soya chaap,https://gabrudichaap.com/,2019.0,2,2.0,0.0,Middle,Hyderabad,Telangana,738.0,94.0,,,,,,yes,70.0,1.0,7000.0,1,1,140.0,6.0,,,2333.333333,3,,,,,46.666,2.0,,46.666,2.0,,,,,46.666,2.0,,,,,,,,,Kunal Bahl,,1.0,1.0,1.0,1.0,,,1.0
4,SonicLamb,19,533,06-Jan-25,18-Mar-25,30-Jan-25,Disrupting Industries,Aashish Solanki,Lifestyle/Home,Premium headphones,https://in.soniclamb.com/,2018.0,2,2.0,0.0,Middle,Mangalore,Karnataka,100.0,28.0,,,,,,funded,50.0,1.0,5000.0,1,1,50.0,1.0,,,5000.0,1,,,,,,,,,,,,,,50.0,1.0,,,,,,,,,,1.0,1.0,1.0,1.0,1.0,,,
4,Woolah,19,534,06-Jan-25,18-Mar-25,30-Jan-25,Disrupting Industries,Aashish Solanki,Food and Beverage,Worldâ€™s first bagless tea dip,https://woolahtea.com/,2021.0,1,1.0,0.0,Middle,Sivasagar,Assam,200.0,19.0,,,,,,funded,50.0,1.66,3012.048193,1,1,50.0,2.5,,,2000.0,1,,,,,,,,,,,50.0,2.5,,,,,,,,,,,,,1.0,1.0,1.0,1.0,1.0,,,
4,WomanLikeU,20,536,06-Jan-25,18-Mar-25,31-Jan-25,"Style, Scent And Stories",Aashish Solanki,Beauty/Fashion,Body-type-specific womenswear,https://www.womanlikeu.com/,2019.0,2,1.0,1.0,Middle,Bangalore,Karnataka,470.0,72.0,,,yes,,,,100.0,2.0,5000.0,1,1,100.0,3.0,,,3333.333333,1,,,,,,,,,,,100.0,3.0,,,,,,,,,,,,Varun Dua,,1.0,1.0,1.0,1.0,,,1.0
4,Str8bat,21,538,06-Jan-25,18-Mar-25,03-Feb-25,"Game, Glam And Green",Aashish Solanki,Fitness/Sports/Outdoors,A batting sensor,https://www.str8bat.com/,2022.0,3,3.0,0.0,Old,Bangalore,Karnataka,120.0,18.0,,,yes,,yes,funded,150.0,1.0,15000.0,1,1,150.0,3.5,,,4285.714286,2,,75.0,1.75,,,,,,,,75.0,1.75,,,,,,,,,,,,Kunal Bahl,1.0,1.0,,1.0,,1.0,,1.0
4,RahejaSolarFoodProcessing,22,543,06-Jan-25,18-Mar-25,04-Feb-25,Big Ideas On The Move,Aashish Solanki,Manufacturing,"High-quality, durable solar dryers",https://www.rsfp.in/,2018.0,2,1.0,1.0,Middle,Indore,Madhya Pradesh,700.0,,15.0,,,,,funded,50.0,1.0,5000.0,1,1,175.0,4.38,,,3995.43379,3,,,,,25.0,0.625,,,,,,,,25.0,0.625,,,,,125.0,3.13,,Kunal Bahl,Kunal Bahl,,1.0,1.0,1.0,1.0,,,1.0
4,BobaBhai,24,548,06-Jan-25,18-Mar-25,06-Feb-25,"Trendy, Tasty And Unique",Sahiba Bali/Aashish Solanki,Food and Beverage,Refreshing bubble teas,https://www.bobabhai.com/,2023.0,1,1.0,0.0,Middle,Bangalore,Karnataka,,170.0,,,yes,42.0,,funded,50.0,0.3,16666.66667,1,1,90.0,1.0,,,9000.0,2,,45.0,0.5,,,,,,,,,,,,,,,,,45.0,0.5,,Viraj Bahl,"Kunal Bahl,Viraj Bahl",1.0,,1.0,1.0,,,,2.0
4,Joyspoon,26,554,06-Jan-25,18-Mar-25,10-Feb-25,From Eco-friendly Tech To Edible Delights,Aashish Solanki,Food and Beverage,Premium mukhwas and mouth fresheners ,https://joyspoon.in/,2023.0,2,1.0,1.0,Young,Ahmedabad,Gujarat,,13.0,,,yes,,,funded,40.0,1.5,2666.666667,1,1,40.0,2.0,,,2000.0,1,yes,,,,,,,,,,,,,,,,,,,,,,,,1.0,,1.0,1.0,1.0,1.0,,
4,bambinos,26,555,06-Jan-25,18-Mar-25,10-Feb-25,From Eco-friendly Tech To Edible Delights,Aashish Solanki,Children/Education,English communication school for kids,https://bambinos.live/,,2,2.0,0.0,Middle,Bangalore,Karnataka,110.0,,,,,,,,100.0,1.0,10000.0,1,1,100.0,1.5,,,6666.666667,3,,33.333,0.5,,,,,33.333,0.5,,,,,,,,,,,,,,,,1.0,,1.0,1.0,1.0,1.0,,
4,BetterNutrition,30,565,06-Jan-25,18-Mar-25,14-Feb-25,"Health, Lifestyle And Innovation",Sahiba Bali/Aashish Solanki,Food and Beverage,Biofortified Nutrition Aata,https://betternutritionforall.in/,2020.0,2,1.0,1.0,Middle,Lucknow,Uttar Pradesh,1000.0,,40.0,20.0,,,,funded,60.0,1.0,6000.0,1,1,60.0,1.0,,,6000.0,1,,60.0,1.0,,,,,,,,,,,,,,,,,,,,,Kunal Bahl,1.0,1.0,1.0,,1.0,,,1.0
4,Vibrasense,30,567,06-Jan-25,18-Mar-25,14-Feb-25,"Health, Lifestyle And Innovation",Sahiba Bali/Aashish Solanki,Medical/Health,Life-saving innovations,https://www.vibrasense.in/,,1,1.0,0.0,Middle,Sonipat,Haryana,,,,,,,yes,funded,100.0,2.0,5000.0,1,1,100.0,4.76,,,2100.840336,2,,50.0,2.38,,,,,,,,,,,50.0,2.38,,,,,,,,,Kunal Bahl,1.0,1.0,1.0,,1.0,,,1.0
4,HealthFab,32,571,06-Jan-25,18-Mar-25,18-Feb-25,Smart Solutions And Style,Sahiba Bali/Aashish Solanki,Medical/Health,Leakproof period panties,https://www.healthfab.in/,2020.0,3,3.0,0.0,Middle,,Assam,834.0,,,,yes,,,funded,100.0,3.0,3333.333333,1,1,200.0,7.0,,,2857.142857,4,,,,,50.0,1.75,,50.0,1.75,,50.0,1.75,,50.0,1.75,,,,,,,,,,1.0,1.0,1.0,1.0,1.0,,,
4,Sudathi,32,573,06-Jan-25,18-Mar-25,18-Feb-25,Smart Solutions And Style,Sahiba Bali/Aashish Solanki,Beauty/Fashion,Elegant sarees kurtas,https://sudathi.com/,2023.0,3,3.0,0.0,Middle,Surat,Gujarat,,2.66,,,,,,yes,100.0,1.0,10000.0,1,1,100.0,4.0,,,2500.0,3,,,,,,,,33.333,1.333,,33.333,1.333,,33.333,1.333,,,,,,,,,,1.0,1.0,1.0,1.0,1.0,,,
4,Moderate,33,574,06-Jan-25,18-Mar-25,19-Feb-25,New-Age Entrepreneurs Pitch Their Ideas,Aashish Solanki,Medical/Health,Calorie-burning tablets,https://letsmoderate.com/,2024.0,3,2.0,1.0,Middle,Hyderabad,Telangana,,,,,,,,,50.0,1.25,4000.0,1,1,100.0,5.0,,,2000.0,2,,,,,,,,,,,50.0,2.5,,,,,,,,50.0,2.5,,Kunal Bahl,Kunal Bahl,,1.0,1.0,1.0,1.0,,,1.0
4,Palmonas,34,578,06-Jan-25,18-Mar-25,20-Feb-25,"Snack, Sparkle And Speed",Sahiba Bali/Aashish Solanki,Beauty/Fashion,Demi-fine jewellery,https://www.palmonas.com/,2022.0,2,1.0,1.0,Middle,Pune,Maharashtra,1350.0,,76.0,,,,,,126.0,1.0,12600.0,1,1,126.0,1.0,,,12600.0,2,,63.0,0.5,,,,,,,,,,,,,,,,,,,,,Kunal Bahl,1.0,1.0,,1.0,,1.0,,1.0
4,Solnce,35,581,06-Jan-25,18-Mar-25,21-Feb-25,Green Business And Big Dreams,Aashish Solanki,Manufacturing,Solar equipment services,https://www.solnceenergy.com/,2021.0,2,2.0,0.0,Middle,Surat,Gujarat,2193.0,,13.0,,,,,,100.0,1.5,6666.666667,1,1,100.0,2.5,,,4000.0,1,,,,,,,,,,,100.0,2.5,,,,,,,,,,,,Kunal Bahl,,1.0,1.0,1.0,1.0,,,1.0
4,DorabiAndAmili,36,583,06-Jan-25,18-Mar-25,24-Feb-25,"Sustainability, Innovation And Artistry",Sahiba Bali/Aashish Solanki,Beauty/Fashion,Online sustainable clothing brand,https://shopdorabi.com/,2023.0,3,1.0,2.0,Middle,Gurugram,Haryana,345.0,,,,,,,yes,75.0,3.0,2500.0,1,1,100.0,4.0,,,2500.0,2,,,,,,,,50.0,2.0,,50.0,2.0,,,,,,,,,,,,Kunal Bahl,1.0,,1.0,1.0,,1.0,,1.0
4,ZebraLearn,36,584,06-Jan-25,18-Mar-25,24-Feb-25,"Sustainability, Innovation And Artistry",Sahiba Bali/Aashish Solanki,Children/Education,Modern book platform,https://zebralearn.com/,2021.0,2,1.0,1.0,Middle,Surat,Gujarat,1070.0,164.0,,,yes,,,funded,100.0,0.8,12500.0,1,1,100.0,1.6,,,6250.0,1,,,,,,,,,,,,,,,,,,,,,,,,Kunal Bahl,1.0,,1.0,1.0,,1.0,,1.0
4,Medial,37,586,06-Jan-25,18-Mar-25,25-Feb-25,From Dairy To Digital,Sahiba Bali/Aashish Solanki,Technology/Software,Indian startup news and tech,https://medial.app/,2023.0,4,4.0,0.0,Young,Bangalore,Karnataka,,,,,,,,funded,50.0,1.0,5000.0,1,1,50.0,2.5,,,2000.0,1,yes,,,,,,,,,,,,,,,,,,,,,,,Kunal Bahl,1.0,,1.0,1.0,,1.0,,1.0
4,EatBetterCo,38,590,06-Jan-25,18-Mar-25,26-Feb-25,"Smart Learning, Healthy Eating And Wellness",Sahiba Bali,Food and Beverage,Healthy delicious snacks,https://eatbetterco.com/,2020.0,3,1.0,2.0,Middle,Jaipur,Rajasthan,1447.0,,,,yes,,,funded,50.0,0.5,10000.0,1,1,50.0,0.5,,,10000.0,1,,50.0,0.5,,,,,,,,,,,,,,,,,,,,,Kunal Bahl,1.0,1.0,,1.0,,1.0,,1.0
4,Earthful,38,591,06-Jan-25,18-Mar-25,26-Feb-25,"Smart Learning, Healthy Eating And Wellness",Sahiba Bali,Medical/Health,Health-boosting supplements,https://earthful.me/,2020.0,2,0.0,2.0,Middle,Hyderabad,Telangana,705.0,,,,yes,24.0,,funded,75.0,1.0,7500.0,1,1,75.0,2.5,,,3000.0,1,,,,,,,,,,,,,,,,,,,,,,,,Kunal Bahl,1.0,1.0,,1.0,,1.0,,1.0
4,MomsHome,40,596,06-Jan-25,18-Mar-25,28-Feb-25,"Big Ideas, Bold Pitches",Sahiba Bali/Aashish Solanki,Children/Education,Sustainable baby essentials,https://www.momshome.in/,2018.0,2,2.0,0.0,Middle,Jaipur,Rajasthan,1250.0,180.0,,,yes,,,funded,75.0,1.0,7500.0,1,1,75.0,2.0,,,3750.0,1,,,,,75.0,2.0,,,,,,,,,,,,,,,,,,"Kunal Bahl,Azhar Iqubal",,1.0,,1.0,,1.0,,2.0
4,Beautywise,41,598,06-Jan-25,18-Mar-25,03-Mar-25,The Fight For Funding,Sahiba Bali/Aashish Solanki,Beauty/Fashion,Science-backed supplements for skin and hair,https://beautywise.in/,2022.0,2,1.0,1.0,Middle,Delhi,Delhi,670.0,,,,,,,funded,100.0,1.5,6666.666667,1,1,300.0,6.0,,,5000.0,1,,,,,,,,,,,300.0,6.0,,,,,,,,,,,,Kunal Bahl,1.0,1.0,,1.0,,1.0,,1.0
4,Fitelo,43,605,06-Jan-25,18-Mar-25,05-Mar-25,From Smart Fashion To Smart Eating,Sahiba Bali/Aashish Solanki,Fitness/Sports/Outdoors,Holistic health and weight management,https://fitelo.co/,2019.0,2,2.0,0.0,Middle,Mohali,Punjab,9100.0,750.0,70.0,,,,,funded,150.0,0.5,30000.0,1,1,150.0,1.0,,,15000.0,2,,75.0,0.5,,75.0,0.5,,,,,,,,,,,,,,,,,,Kunal Bahl,1.0,1.0,1.0,,,1.0,,1.0
4,GoodMonk,44,607,06-Jan-25,18-Mar-25,06-Mar-25,"Spices, Supplements And Startups",Sahiba Bali/Aashish Solanki,Fitness/Sports/Outdoors,"Multivitamins, probiotics, and fiber mix Lysine, Ashwagandha & Brahmi",https://www.goodmonk.in/,2023.0,2,1.0,1.0,Middle,Bangalore,Karnataka,200.0,35.0,75.0,,yes,,,funded,100.0,1.67,5988.023952,1,1,50.0,1.0,50.0,10.0,5000.0,1,,,,,50.0,1.0,50.0,,,,,,,,,,,,,,,,,"Kunal Bahl,Azhar Iqubal",,1.0,,1.0,,1.0,,2.0
4,Taffykids,45,610,06-Jan-25,18-Mar-25,07-Mar-25,"Clothes, Safety And Supplements",Aashish Solanki,Children/Education,Playful kidswear for every occasion,https://thetaffy.in/,2021.0,3,1.0,2.0,Middle,Mumbai,Maharashtra,1200.0,150.0,75.0,,,,,,75.0,1.0,7500.0,1,1,75.0,1.5,,,5000.0,2,,,,,37.5,0.75,,,,,,,,,,,,,,,,,,Kunal Bahl,1.0,1.0,,1.0,,1.0,,1.0
4,TheBearHouse,49,624,06-Jan-25,18-Mar-25,13-Mar-25,"Food, Fashion And Furry Science",Sahiba Bali/Aashish Solanki,Beauty/Fashion,Stylish and affordable menswear,https://thebearhouse.com/,2018.0,2,1.0,1.0,Middle,Bangalore,Karnataka,9650.0,,,,,,,,300.0,1.0,30000.0,1,1,100.0,1.0,200.0,10.0,10000.0,1,,100.0,1.0,200.0,,,,,,,,,,,,,,,,,,,,"Kunal Bahl,Viraj Bahl",1.0,,1.0,1.0,,,,2.0
4,BhavisyaPlast,51,629,06-Jan-25,18-Mar-25,17-Mar-25,Ecopreneurs In The Tank,Sahiba Bali/Aashish Solanki,Green/CleanTech,Affordable RBG's bioplastics,,,1,0.0,1.0,Young,Kolkata,West Bengal,,,,,,,yes,,50.0,1.5,3333.333333,1,1,200.0,10.0,,,2000.0,4,,50.0,2.5,,,,,50.0,2.5,,50.0,2.5,,,,,,,,50.0,2.5,,Chirag Nakrani,Chirag Nakrani,1.0,,1.0,1.0,,1.0,,1.0
4,Ecoil,51,630,06-Jan-25,18-Mar-25,17-Mar-25,Ecopreneurs In The Tank,Sahiba Bali/Aashish Solanki,Green/CleanTech,Food oil recycling,https://ecoil.in/,2018.0,2,1.0,1.0,Middle,Jaipur,Rajasthan,1700.0,,40.0,15.0,,,,funded,100.0,1.25,8000.0,1,1,50.0,1.0,50.0,9.0,5000.0,2,,,,,,,,,,,,,,,,,,,,25.0,0.5,25.0,Chirag Nakrani,Chirag Nakrani,1.0,,1.0,1.0,,1.0,,1.0
4,Symbionic,52,633,06-Jan-25,18-Mar-25,18-Mar-25,Empowering Abilities,Aashish Solanki,Medical/Health,Advanced prosthetic arms easy-to-use prosthetics,https://www.symbionic.co/,2019.0,2,2.0,0.0,Middle,Chennai,Tamil Nadu,0.0,,,,,,,funded,80.0,2.0,4000.0,1,1,40.0,1.0,40.0,10.0,4000.0,1,,40.0,1.0,40.0,,,,,,,,,,,,,,,,,,,,"Srikanth Bolla,Chirag Nakrani",1.0,,1.0,1.0,,,,2.0
